<?xml version="1.0" encoding="UTF-8"?>
<metadata xml:lang="en"><Esri><CreaDate>20250626</CreaDate><CreaTime>13174600</CreaTime><ArcGISFormat>1.0</ArcGISFormat><SyncOnce>FALSE</SyncOnce><DataProperties><lineage><Process ToolSource="c:\program files\arcgis\pro\Resources\ArcToolbox\toolboxes\Data Management Tools.tbx\AddRelate" Date="20250626" Time="131746">AddRelate meshblock-2025 MB2025_V1_ geographic-areas-table-2025.csv MB2025_code Meshblock ONE_TO_MANY</Process><Process ToolSource="c:\program files\arcgis\pro\Resources\ArcToolbox\toolboxes\Data Management Tools.tbx\RemoveRelate" Date="20250626" Time="133002">RemoveRelate meshblock-2025 #</Process><Process ToolSource="c:\program files\arcgis\pro\Resources\ArcToolbox\toolboxes\Conversion Tools.tbx\ExportFeatures" Date="20250627" Time="105505">ExportFeatures meshblock_2025_Te_Tauihu "J:\Data and Analytics\Power BI\Emergency Management\Geo files\Meshblock_2025_Te_Tauihu.shp" # NOT_USE_ALIAS "MB2025_V1_ "MB2025_V1_" true true false 7 Text 0 0,First,#,meshblock_2025_Te_Tauihu,meshblock-2025.MB2025_V1_,0,6;LANDWATER "LANDWATER" true true false 2 Text 0 0,First,#,meshblock_2025_Te_Tauihu,meshblock-2025.LANDWATER,0,1;LANDWATER_ "LANDWATER_" true true false 12 Text 0 0,First,#,meshblock_2025_Te_Tauihu,meshblock-2025.LANDWATER_,0,11;LAND_AREA_ "LAND_AREA_" true true false 24 Double 15 23,First,#,meshblock_2025_Te_Tauihu,meshblock-2025.LAND_AREA_,-1,-1;AREA_SQ_KM "AREA_SQ_KM" true true false 24 Double 15 23,First,#,meshblock_2025_Te_Tauihu,meshblock-2025.AREA_SQ_KM,-1,-1;SHAPE_Leng "SHAPE_Leng" true true false 24 Double 15 23,First,#,meshblock_2025_Te_Tauihu,meshblock-2025.SHAPE_Leng,-1,-1;OBJECTID "OBJECTID" false true false 4 Long 0 9,First,#,meshblock_2025_Te_Tauihu,geographicareastable2025_ExportTable2.OBJECTID,-1,-1;MB2025_code "MB2025_code" true true false 4 Long 0 0,First,#,meshblock_2025_Te_Tauihu,geographicareastable2025_ExportTable2.MB2025_code,-1,-1;MB2024_code "MB2024_code" true true false 4 Long 0 0,First,#,meshblock_2025_Te_Tauihu,geographicareastable2025_ExportTable2.MB2024_code,-1,-1;MB2023_code "MB2023_code" true true false 4 Long 0 0,First,#,meshblock_2025_Te_Tauihu,geographicareastable2025_ExportTable2.MB2023_code,-1,-1;MB2018_code "MB2018_code" true true false 4 Long 0 0,First,#,meshblock_2025_Te_Tauihu,geographicareastable2025_ExportTable2.MB2018_code,-1,-1;MB2013_code "MB2013_code" true true false 4 Long 0 0,First,#,meshblock_2025_Te_Tauihu,geographicareastable2025_ExportTable2.MB2013_code,-1,-1;MB2011_code "MB2011_code" true true false 4 Long 0 0,First,#,meshblock_2025_Te_Tauihu,geographicareastable2025_ExportTable2.MB2011_code,-1,-1;MB2010_code "MB2010_code" true true false 4 Long 0 0,First,#,meshblock_2025_Te_Tauihu,geographicareastable2025_ExportTable2.MB2010_code,-1,-1;MB2006_code "MB2006_code" true true false 4 Long 0 0,First,#,meshblock_2025_Te_Tauihu,geographicareastable2025_ExportTable2.MB2006_code,-1,-1;MB2001_code "MB2001_code" true true false 4 Long 0 0,First,#,meshblock_2025_Te_Tauihu,geographicareastable2025_ExportTable2.MB2001_code,-1,-1;MB1996_code "MB1996_code" true true false 4 Long 0 0,First,#,meshblock_2025_Te_Tauihu,geographicareastable2025_ExportTable2.MB1996_code,-1,-1;MB1991_code "MB1991_code" true true false 4 Long 0 0,First,#,meshblock_2025_Te_Tauihu,geographicareastable2025_ExportTable2.MB1991_code,-1,-1;SA12025_code "SA12025_code" true true false 4 Long 0 0,First,#,meshblock_2025_Te_Tauihu,geographicareastable2025_ExportTable2.SA12025_code,-1,-1;SA12023_code "SA12023_code" true true false 4 Long 0 0,First,#,meshblock_2025_Te_Tauihu,geographicareastable2025_ExportTable2.SA12023_code,-1,-1;SA12018_code "SA12018_code" true true false 4 Long 0 0,First,#,meshblock_2025_Te_Tauihu,geographicareastable2025_ExportTable2.SA12018_code,-1,-1;SA22025_code "SA22025_code" true true false 4 Long 0 0,First,#,meshblock_2025_Te_Tauihu,geographicareastable2025_ExportTable2.SA22025_code,-1,-1;SA22025_name "SA22025_name" true true false 8000 Text 0 0,First,#,meshblock_2025_Te_Tauihu,geographicareastable2025_ExportTable2.SA22025_name,0,7999;SA22025_name_ascii "SA22025_name_ascii" true true false 8000 Text 0 0,First,#,meshblock_2025_Te_Tauihu,geographicareastable2025_ExportTable2.SA22025_name_ascii,0,7999;SA22023_code "SA22023_code" true true false 4 Long 0 0,First,#,meshblock_2025_Te_Tauihu,geographicareastable2025_ExportTable2.SA22023_code,-1,-1;SA22023_name "SA22023_name" true true false 8000 Text 0 0,First,#,meshblock_2025_Te_Tauihu,geographicareastable2025_ExportTable2.SA22023_name,0,7999;SA22023_name_ascii "SA22023_name_ascii" true true false 8000 Text 0 0,First,#,meshblock_2025_Te_Tauihu,geographicareastable2025_ExportTable2.SA22023_name_ascii,0,7999;SA22018_code "SA22018_code" true true false 4 Long 0 0,First,#,meshblock_2025_Te_Tauihu,geographicareastable2025_ExportTable2.SA22018_code,-1,-1;SA22018_name "SA22018_name" true true false 8000 Text 0 0,First,#,meshblock_2025_Te_Tauihu,geographicareastable2025_ExportTable2.SA22018_name,0,7999;SA32025_code "SA32025_code" true true false 4 Long 0 0,First,#,meshblock_2025_Te_Tauihu,geographicareastable2025_ExportTable2.SA32025_code,-1,-1;SA32025_name "SA32025_name" true true false 8000 Text 0 0,First,#,meshblock_2025_Te_Tauihu,geographicareastable2025_ExportTable2.SA32025_name,0,7999;SA32025_name_ascii "SA32025_name_ascii" true true false 8000 Text 0 0,First,#,meshblock_2025_Te_Tauihu,geographicareastable2025_ExportTable2.SA32025_name_ascii,0,7999;SA32023_code "SA32023_code" true true false 4 Long 0 0,First,#,meshblock_2025_Te_Tauihu,geographicareastable2025_ExportTable2.SA32023_code,-1,-1;SA32023_name "SA32023_name" true true false 8000 Text 0 0,First,#,meshblock_2025_Te_Tauihu,geographicareastable2025_ExportTable2.SA32023_name,0,7999;SA32023_name_ascii "SA32023_name_ascii" true true false 8000 Text 0 0,First,#,meshblock_2025_Te_Tauihu,geographicareastable2025_ExportTable2.SA32023_name_ascii,0,7999;UR2025_code "UR2025_code" true true false 4 Long 0 0,First,#,meshblock_2025_Te_Tauihu,geographicareastable2025_ExportTable2.UR2025_code,-1,-1;UR2025_name "UR2025_name" true true false 8000 Text 0 0,First,#,meshblock_2025_Te_Tauihu,geographicareastable2025_ExportTable2.UR2025_name,0,7999;UR2025_name_ascii "UR2025_name_ascii" true true false 8000 Text 0 0,First,#,meshblock_2025_Te_Tauihu,geographicareastable2025_ExportTable2.UR2025_name_ascii,0,7999;IUR2025_code "IUR2025_code" true true false 4 Long 0 0,First,#,meshblock_2025_Te_Tauihu,geographicareastable2025_ExportTable2.IUR2025_code,-1,-1;IUR2025_name "IUR2025_name" true true false 8000 Text 0 0,First,#,meshblock_2025_Te_Tauihu,geographicareastable2025_ExportTable2.IUR2025_name,0,7999;UR2023_code "UR2023_code" true true false 4 Long 0 0,First,#,meshblock_2025_Te_Tauihu,geographicareastable2025_ExportTable2.UR2023_code,-1,-1;UR2023_name "UR2023_name" true true false 8000 Text 0 0,First,#,meshblock_2025_Te_Tauihu,geographicareastable2025_ExportTable2.UR2023_name,0,7999;UR2023_name_ascii "UR2023_name_ascii" true true false 8000 Text 0 0,First,#,meshblock_2025_Te_Tauihu,geographicareastable2025_ExportTable2.UR2023_name_ascii,0,7999;IUR2023_code "IUR2023_code" true true false 4 Long 0 0,First,#,meshblock_2025_Te_Tauihu,geographicareastable2025_ExportTable2.IUR2023_code,-1,-1;IUR2023_name "IUR2023_name" true true false 8000 Text 0 0,First,#,meshblock_2025_Te_Tauihu,geographicareastable2025_ExportTable2.IUR2023_name,0,7999;UR2018_code "UR2018_code" true true false 4 Long 0 0,First,#,meshblock_2025_Te_Tauihu,geographicareastable2025_ExportTable2.UR2018_code,-1,-1;UR2018_name "UR2018_name" true true false 8000 Text 0 0,First,#,meshblock_2025_Te_Tauihu,geographicareastable2025_ExportTable2.UR2018_name,0,7999;IUR2018_code "IUR2018_code" true true false 4 Long 0 0,First,#,meshblock_2025_Te_Tauihu,geographicareastable2025_ExportTable2.IUR2018_code,-1,-1;IUR2018_name "IUR2018_name" true true false 8000 Text 0 0,First,#,meshblock_2025_Te_Tauihu,geographicareastable2025_ExportTable2.IUR2018_name,0,7999;IUA2023_code "IUA2023_code" true true false 4 Long 0 0,First,#,meshblock_2025_Te_Tauihu,geographicareastable2025_ExportTable2.IUA2023_code,-1,-1;IUA2023_name "IUA2023_name" true true false 8000 Text 0 0,First,#,meshblock_2025_Te_Tauihu,geographicareastable2025_ExportTable2.IUA2023_name,0,7999;TA2025_code "TA2025_code" true true false 4 Long 0 0,First,#,meshblock_2025_Te_Tauihu,geographicareastable2025_ExportTable2.TA2025_code,-1,-1;TA2025_name "TA2025_name" true true false 8000 Text 0 0,First,#,meshblock_2025_Te_Tauihu,geographicareastable2025_ExportTable2.TA2025_name,0,7999;TA2025_name_ascii "TA2025_name_ascii" true true false 8000 Text 0 0,First,#,meshblock_2025_Te_Tauihu,geographicareastable2025_ExportTable2.TA2025_name_ascii,0,7999;WARD2025_code "WARD2025_code" true true false 4 Long 0 0,First,#,meshblock_2025_Te_Tauihu,geographicareastable2025_ExportTable2.WARD2025_code,-1,-1;WARD2025_name "WARD2025_name" true true false 8000 Text 0 0,First,#,meshblock_2025_Te_Tauihu,geographicareastable2025_ExportTable2.WARD2025_name,0,7999;WARD2025_name_ascii "WARD2025_name_ascii" true true false 8000 Text 0 0,First,#,meshblock_2025_Te_Tauihu,geographicareastable2025_ExportTable2.WARD2025_name_ascii,0,7999;MWARD2025_code "MWARD2025_code" true true false 4 Long 0 0,First,#,meshblock_2025_Te_Tauihu,geographicareastable2025_ExportTable2.MWARD2025_code,-1,-1;MWARD2025_name "MWARD2025_name" true true false 8000 Text 0 0,First,#,meshblock_2025_Te_Tauihu,geographicareastable2025_ExportTable2.MWARD2025_name,0,7999;MWARD2025_name_ascii "MWARD2025_name_ascii" true true false 8000 Text 0 0,First,#,meshblock_2025_Te_Tauihu,geographicareastable2025_ExportTable2.MWARD2025_name_ascii,0,7999;CB2025_code "CB2025_code" true true false 4 Long 0 0,First,#,meshblock_2025_Te_Tauihu,geographicareastable2025_ExportTable2.CB2025_code,-1,-1;CB2025_name "CB2025_name" true true false 8000 Text 0 0,First,#,meshblock_2025_Te_Tauihu,geographicareastable2025_ExportTable2.CB2025_name,0,7999;CB2025_name_ascii "CB2025_name_ascii" true true false 8000 Text 0 0,First,#,meshblock_2025_Te_Tauihu,geographicareastable2025_ExportTable2.CB2025_name_ascii,0,7999;TASUB2025_code "TASUB2025_code" true true false 4 Long 0 0,First,#,meshblock_2025_Te_Tauihu,geographicareastable2025_ExportTable2.TASUB2025_code,-1,-1;TASUB2025_name "TASUB2025_name" true true false 8000 Text 0 0,First,#,meshblock_2025_Te_Tauihu,geographicareastable2025_ExportTable2.TASUB2025_name,0,7999;TASUB2025_name_ascii "TASUB2025_name_ascii" true true false 8000 Text 0 0,First,#,meshblock_2025_Te_Tauihu,geographicareastable2025_ExportTable2.TASUB2025_name_ascii,0,7999;REGC2025_code "REGC2025_code" true true false 4 Long 0 0,First,#,meshblock_2025_Te_Tauihu,geographicareastable2025_ExportTable2.REGC2025_code,-1,-1;REGC2025_name "REGC2025_name" true true false 8000 Text 0 0,First,#,meshblock_2025_Te_Tauihu,geographicareastable2025_ExportTable2.REGC2025_name,0,7999;REGC2025_name_ascii "REGC2025_name_ascii" true true false 8000 Text 0 0,First,#,meshblock_2025_Te_Tauihu,geographicareastable2025_ExportTable2.REGC2025_name_ascii,0,7999;CON2023_code "CON2023_code" true true false 4 Long 0 0,First,#,meshblock_2025_Te_Tauihu,geographicareastable2025_ExportTable2.CON2023_code,-1,-1;CON2023_name "CON2023_name" true true false 8000 Text 0 0,First,#,meshblock_2025_Te_Tauihu,geographicareastable2025_ExportTable2.CON2023_name,0,7999;CON2023_name_ascii "CON2023_name_ascii" true true false 8000 Text 0 0,First,#,meshblock_2025_Te_Tauihu,geographicareastable2025_ExportTable2.CON2023_name_ascii,0,7999;MCON2023_code "MCON2023_code" true true false 4 Long 0 0,First,#,meshblock_2025_Te_Tauihu,geographicareastable2025_ExportTable2.MCON2023_code,-1,-1;MCON2023_name "MCON2023_name" true true false 8000 Text 0 0,First,#,meshblock_2025_Te_Tauihu,geographicareastable2025_ExportTable2.MCON2023_name,0,7999;MCON2023_name_ascii "MCON2023_name_ascii" true true false 8000 Text 0 0,First,#,meshblock_2025_Te_Tauihu,geographicareastable2025_ExportTable2.MCON2023_name_ascii,0,7999;TALB2025_code "TALB2025_code" true true false 4 Long 0 0,First,#,meshblock_2025_Te_Tauihu,geographicareastable2025_ExportTable2.TALB2025_code,-1,-1;TALB2025_name "TALB2025_name" true true false 8000 Text 0 0,First,#,meshblock_2025_Te_Tauihu,geographicareastable2025_ExportTable2.TALB2025_name,0,7999;TALB2025_name_ascii "TALB2025_name_ascii" true true false 8000 Text 0 0,First,#,meshblock_2025_Te_Tauihu,geographicareastable2025_ExportTable2.TALB2025_name_ascii,0,7999;GED2020_code "GED2020_code" true true false 4 Long 0 0,First,#,meshblock_2025_Te_Tauihu,geographicareastable2025_ExportTable2.GED2020_code,-1,-1;GED2020_name "GED2020_name" true true false 8000 Text 0 0,First,#,meshblock_2025_Te_Tauihu,geographicareastable2025_ExportTable2.GED2020_name,0,7999;GED2020_name_ascii "GED2020_name_ascii" true true false 8000 Text 0 0,First,#,meshblock_2025_Te_Tauihu,geographicareastable2025_ExportTable2.GED2020_name_ascii,0,7999;MED2020_code "MED2020_code" true true false 4 Long 0 0,First,#,meshblock_2025_Te_Tauihu,geographicareastable2025_ExportTable2.MED2020_code,-1,-1;MED2020_name "MED2020_name" true true false 8000 Text 0 0,First,#,meshblock_2025_Te_Tauihu,geographicareastable2025_ExportTable2.MED2020_name,0,7999;MED2020_name_ascii "MED2020_name_ascii" true true false 8000 Text 0 0,First,#,meshblock_2025_Te_Tauihu,geographicareastable2025_ExportTable2.MED2020_name_ascii,0,7999;DHB2015_code "DHB2015_code" true true false 4 Long 0 0,First,#,meshblock_2025_Te_Tauihu,geographicareastable2025_ExportTable2.DHB2015_code,-1,-1;DHB2015_name "DHB2015_name" true true false 8000 Text 0 0,First,#,meshblock_2025_Te_Tauihu,geographicareastable2025_ExportTable2.DHB2015_name,0,7999;DHBCON2015_code "DHBCON2015_code" true true false 4 Long 0 0,First,#,meshblock_2025_Te_Tauihu,geographicareastable2025_ExportTable2.DHBCON2015_code,-1,-1;DHBCON2015_name "DHBCON2015_name" true true false 8000 Text 0 0,First,#,meshblock_2025_Te_Tauihu,geographicareastable2025_ExportTable2.DHBCON2015_name,0,7999;HDOM2013_code "HDOM2013_code" true true false 4 Long 0 0,First,#,meshblock_2025_Te_Tauihu,geographicareastable2025_ExportTable2.HDOM2013_code,-1,-1;TA2010_code "TA2010_code" true true false 4 Long 0 0,First,#,meshblock_2025_Te_Tauihu,geographicareastable2025_ExportTable2.TA2010_code,-1,-1;TA2010_name "TA2010_name" true true false 8000 Text 0 0,First,#,meshblock_2025_Te_Tauihu,geographicareastable2025_ExportTable2.TA2010_name,0,7999;AU2017_code "AU2017_code" true true false 4 Long 0 0,First,#,meshblock_2025_Te_Tauihu,geographicareastable2025_ExportTable2.AU2017_code,-1,-1;AU2017_name "AU2017_name" true true false 8000 Text 0 0,First,#,meshblock_2025_Te_Tauihu,geographicareastable2025_ExportTable2.AU2017_name,0,7999;AU2013_code "AU2013_code" true true false 4 Long 0 0,First,#,meshblock_2025_Te_Tauihu,geographicareastable2025_ExportTable2.AU2013_code,-1,-1;AU2013_name "AU2013_name" true true false 8000 Text 0 0,First,#,meshblock_2025_Te_Tauihu,geographicareastable2025_ExportTable2.AU2013_name,0,7999;UA2017_code "UA2017_code" true true false 4 Long 0 0,First,#,meshblock_2025_Te_Tauihu,geographicareastable2025_ExportTable2.UA2017_code,-1,-1;UA2017_name "UA2017_name" true true false 8000 Text 0 0,First,#,meshblock_2025_Te_Tauihu,geographicareastable2025_ExportTable2.UA2017_name,0,7999;MBKey "MBKey" true true false 255 Text 0 0,First,#,meshblock_2025_Te_Tauihu,geographicareastable2025_ExportTable2.MBKey,0,254" #</Process></lineage><itemProps><itemName Sync="TRUE">Meshblock_2025_Te_Tauihu</itemName><imsContentType Sync="TRUE">002</imsContentType><itemSize Sync="TRUE">0.000</itemSize><itemLocation><linkage Sync="TRUE">file://\\nn1\data\Data and Analytics\Power BI\Emergency Management\Geo files\Meshblock_2025_Te_Tauihu.shp</linkage><protocol Sync="TRUE">Local Area Network</protocol></itemLocation></itemProps><coordRef><type Sync="TRUE">Projected</type><geogcsn Sync="TRUE">GCS_NZGD_2000</geogcsn><csUnits Sync="TRUE">Linear Unit: Meter (1.000000)</csUnits><projcsn Sync="TRUE">NZGD_2000_New_Zealand_Transverse_Mercator</projcsn><peXml Sync="TRUE">&lt;ProjectedCoordinateSystem xsi:type='typens:ProjectedCoordinateSystem' xmlns:xsi='http://www.w3.org/2001/XMLSchema-instance' xmlns:xs='http://www.w3.org/2001/XMLSchema' xmlns:typens='http://www.esri.com/schemas/ArcGIS/3.4.0'&gt;&lt;WKT&gt;PROJCS[&amp;quot;NZGD_2000_New_Zealand_Transverse_Mercator&amp;quot;,GEOGCS[&amp;quot;GCS_NZGD_2000&amp;quot;,DATUM[&amp;quot;D_NZGD_2000&amp;quot;,SPHEROID[&amp;quot;GRS_1980&amp;quot;,6378137.0,298.257222101]],PRIMEM[&amp;quot;Greenwich&amp;quot;,0.0],UNIT[&amp;quot;Degree&amp;quot;,0.0174532925199433]],PROJECTION[&amp;quot;Transverse_Mercator&amp;quot;],PARAMETER[&amp;quot;False_Easting&amp;quot;,1600000.0],PARAMETER[&amp;quot;False_Northing&amp;quot;,10000000.0],PARAMETER[&amp;quot;Central_Meridian&amp;quot;,173.0],PARAMETER[&amp;quot;Scale_Factor&amp;quot;,0.9996],PARAMETER[&amp;quot;Latitude_Of_Origin&amp;quot;,0.0],UNIT[&amp;quot;Meter&amp;quot;,1.0],AUTHORITY[&amp;quot;EPSG&amp;quot;,2193]]&lt;/WKT&gt;&lt;XOrigin&gt;-4020900&lt;/XOrigin&gt;&lt;YOrigin&gt;1900&lt;/YOrigin&gt;&lt;XYScale&gt;450445547.3910538&lt;/XYScale&gt;&lt;ZOrigin&gt;-100000&lt;/ZOrigin&gt;&lt;ZScale&gt;10000&lt;/ZScale&gt;&lt;MOrigin&gt;-100000&lt;/MOrigin&gt;&lt;MScale&gt;10000&lt;/MScale&gt;&lt;XYTolerance&gt;0.001&lt;/XYTolerance&gt;&lt;ZTolerance&gt;0.001&lt;/ZTolerance&gt;&lt;MTolerance&gt;0.001&lt;/MTolerance&gt;&lt;HighPrecision&gt;true&lt;/HighPrecision&gt;&lt;WKID&gt;2193&lt;/WKID&gt;&lt;LatestWKID&gt;2193&lt;/LatestWKID&gt;&lt;/ProjectedCoordinateSystem&gt;</peXml></coordRef></DataProperties><SyncDate>20250627</SyncDate><SyncTime>10545200</SyncTime><ModDate>20250627</ModDate><ModTime>10545200</ModTime></Esri><dataIdInfo><envirDesc Sync="TRUE">Microsoft Windows 10 Version 10.0 (Build 19045) ; Esri ArcGIS 13.4.0.55405</envirDesc><dataLang><languageCode value="eng" Sync="TRUE"></languageCode><countryCode value="NZL" Sync="TRUE"></countryCode></dataLang><idCitation><resTitle Sync="TRUE">Meshblock_2025_Te_Tauihu</resTitle><presForm><PresFormCd value="005" Sync="TRUE"></PresFormCd></presForm></idCitation><spatRpType><SpatRepTypCd value="001" Sync="TRUE"></SpatRepTypCd></spatRpType></dataIdInfo><mdLang><languageCode value="eng" Sync="TRUE"></languageCode><countryCode value="NZL" Sync="TRUE"></countryCode></mdLang><mdChar><CharSetCd value="004" Sync="TRUE"></CharSetCd></mdChar><distInfo><distFormat><formatName Sync="TRUE">Shapefile</formatName></distFormat><distTranOps><transSize Sync="TRUE">0.000</transSize></distTranOps></distInfo><mdHrLv><ScopeCd value="005" Sync="TRUE"></ScopeCd></mdHrLv><mdHrLvName Sync="TRUE">dataset</mdHrLvName><refSysInfo><RefSystem><refSysID><identCode code="2193" Sync="TRUE"></identCode><idCodeSpace Sync="TRUE">EPSG</idCodeSpace><idVersion Sync="TRUE">6.15(9.0.0)</idVersion></refSysID></RefSystem></refSysInfo><spatRepInfo><VectSpatRep><geometObjs Name="Meshblock_2025_Te_Tauihu"><geoObjTyp><GeoObjTypCd value="002" Sync="TRUE"></GeoObjTypCd></geoObjTyp><geoObjCnt Sync="TRUE">0</geoObjCnt></geometObjs><topLvl><TopoLevCd value="001" Sync="TRUE"></TopoLevCd></topLvl></VectSpatRep></spatRepInfo><spdoinfo><ptvctinf><esriterm Name="Meshblock_2025_Te_Tauihu"><efeatyp Sync="TRUE">Simple</efeatyp><efeageom code="4" Sync="TRUE"></efeageom><esritopo Sync="TRUE">FALSE</esritopo><efeacnt Sync="TRUE">0</efeacnt><spindex Sync="TRUE">FALSE</spindex><linrefer Sync="TRUE">FALSE</linrefer></esriterm></ptvctinf></spdoinfo><eainfo><detailed Name="Meshblock_2025_Te_Tauihu"><enttyp><enttypl Sync="TRUE">Meshblock_2025_Te_Tauihu</enttypl><enttypt Sync="TRUE">Feature Class</enttypt><enttypc Sync="TRUE">0</enttypc></enttyp><attr><attrlabl Sync="TRUE">FID</attrlabl><attalias Sync="TRUE">FID</attalias><attrtype Sync="TRUE">OID</attrtype><attwidth Sync="TRUE">4</attwidth><atprecis Sync="TRUE">0</atprecis><attscale Sync="TRUE">0</attscale><attrdef Sync="TRUE">Internal feature number.</attrdef><attrdefs Sync="TRUE">Esri</attrdefs><attrdomv><udom Sync="TRUE">Sequential unique whole numbers that are automatically generated.</udom></attrdomv></attr><attr><attrlabl Sync="TRUE">Shape</attrlabl><attalias Sync="TRUE">Shape</attalias><attrtype Sync="TRUE">Geometry</attrtype><attwidth Sync="TRUE">0</attwidth><atprecis Sync="TRUE">0</atprecis><attscale Sync="TRUE">0</attscale><attrdef Sync="TRUE">Feature geometry.</attrdef><attrdefs Sync="TRUE">Esri</attrdefs><attrdomv><udom Sync="TRUE">Coordinates defining the features.</udom></attrdomv></attr><attr><attrlabl Sync="TRUE">MB2025_V1_</attrlabl><attalias Sync="TRUE">MB2025_V1_</attalias><attrtype Sync="TRUE">String</attrtype><attwidth Sync="TRUE">7</attwidth><atprecis Sync="TRUE">0</atprecis><attscale Sync="TRUE">0</attscale></attr><attr><attrlabl Sync="TRUE">LANDWATER</attrlabl><attalias Sync="TRUE">LANDWATER</attalias><attrtype Sync="TRUE">String</attrtype><attwidth Sync="TRUE">2</attwidth><atprecis Sync="TRUE">0</atprecis><attscale Sync="TRUE">0</attscale></attr><attr><attrlabl Sync="TRUE">LANDWATER_</attrlabl><attalias Sync="TRUE">LANDWATER_</attalias><attrtype Sync="TRUE">String</attrtype><attwidth Sync="TRUE">12</attwidth><atprecis Sync="TRUE">0</atprecis><attscale Sync="TRUE">0</attscale></attr><attr><attrlabl Sync="TRUE">LAND_AREA_</attrlabl><attalias Sync="TRUE">LAND_AREA_</attalias><attrtype Sync="TRUE">Double</attrtype><attwidth Sync="TRUE">19</attwidth><atprecis Sync="TRUE">18</atprecis><attscale Sync="TRUE">15</attscale></attr><attr><attrlabl Sync="TRUE">AREA_SQ_KM</attrlabl><attalias Sync="TRUE">AREA_SQ_KM</attalias><attrtype Sync="TRUE">Double</attrtype><attwidth Sync="TRUE">19</attwidth><atprecis Sync="TRUE">18</atprecis><attscale Sync="TRUE">15</attscale></attr><attr><attrlabl Sync="TRUE">SHAPE_Leng</attrlabl><attalias Sync="TRUE">SHAPE_Leng</attalias><attrtype Sync="TRUE">Double</attrtype><attwidth Sync="TRUE">19</attwidth><atprecis Sync="TRUE">18</atprecis><attscale Sync="TRUE">15</attscale></attr><attr><attrlabl Sync="TRUE">OBJECTID_1</attrlabl><attalias Sync="TRUE">OBJECTID_1</attalias><attrtype Sync="TRUE">Integer</attrtype><attwidth Sync="TRUE">9</attwidth><atprecis Sync="TRUE">9</atprecis><attscale Sync="TRUE">0</attscale></attr><attr><attrlabl Sync="TRUE">MB2025_cod</attrlabl><attalias Sync="TRUE">MB2025_cod</attalias><attrtype Sync="TRUE">Integer</attrtype><attwidth Sync="TRUE">10</attwidth><atprecis Sync="TRUE">10</atprecis><attscale Sync="TRUE">0</attscale></attr><attr><attrlabl Sync="TRUE">MB2024_cod</attrlabl><attalias Sync="TRUE">MB2024_cod</attalias><attrtype Sync="TRUE">Integer</attrtype><attwidth Sync="TRUE">10</attwidth><atprecis Sync="TRUE">10</atprecis><attscale Sync="TRUE">0</attscale></attr><attr><attrlabl Sync="TRUE">MB2023_cod</attrlabl><attalias Sync="TRUE">MB2023_cod</attalias><attrtype Sync="TRUE">Integer</attrtype><attwidth Sync="TRUE">10</attwidth><atprecis Sync="TRUE">10</atprecis><attscale Sync="TRUE">0</attscale></attr><attr><attrlabl Sync="TRUE">MB2018_cod</attrlabl><attalias Sync="TRUE">MB2018_cod</attalias><attrtype Sync="TRUE">Integer</attrtype><attwidth Sync="TRUE">10</attwidth><atprecis Sync="TRUE">10</atprecis><attscale Sync="TRUE">0</attscale></attr><attr><attrlabl Sync="TRUE">MB2013_cod</attrlabl><attalias Sync="TRUE">MB2013_cod</attalias><attrtype Sync="TRUE">Integer</attrtype><attwidth Sync="TRUE">10</attwidth><atprecis Sync="TRUE">10</atprecis><attscale Sync="TRUE">0</attscale></attr><attr><attrlabl Sync="TRUE">MB2011_cod</attrlabl><attalias Sync="TRUE">MB2011_cod</attalias><attrtype Sync="TRUE">Integer</attrtype><attwidth Sync="TRUE">10</attwidth><atprecis Sync="TRUE">10</atprecis><attscale Sync="TRUE">0</attscale></attr><attr><attrlabl Sync="TRUE">MB2010_cod</attrlabl><attalias Sync="TRUE">MB2010_cod</attalias><attrtype Sync="TRUE">Integer</attrtype><attwidth Sync="TRUE">10</attwidth><atprecis Sync="TRUE">10</atprecis><attscale Sync="TRUE">0</attscale></attr><attr><attrlabl Sync="TRUE">MB2006_cod</attrlabl><attalias Sync="TRUE">MB2006_cod</attalias><attrtype Sync="TRUE">Integer</attrtype><attwidth Sync="TRUE">10</attwidth><atprecis Sync="TRUE">10</atprecis><attscale Sync="TRUE">0</attscale></attr><attr><attrlabl Sync="TRUE">MB2001_cod</attrlabl><attalias Sync="TRUE">MB2001_cod</attalias><attrtype Sync="TRUE">Integer</attrtype><attwidth Sync="TRUE">10</attwidth><atprecis Sync="TRUE">10</atprecis><attscale Sync="TRUE">0</attscale></attr><attr><attrlabl Sync="TRUE">MB1996_cod</attrlabl><attalias Sync="TRUE">MB1996_cod</attalias><attrtype Sync="TRUE">Integer</attrtype><attwidth Sync="TRUE">10</attwidth><atprecis Sync="TRUE">10</atprecis><attscale Sync="TRUE">0</attscale></attr><attr><attrlabl Sync="TRUE">MB1991_cod</attrlabl><attalias Sync="TRUE">MB1991_cod</attalias><attrtype Sync="TRUE">Integer</attrtype><attwidth Sync="TRUE">10</attwidth><atprecis Sync="TRUE">10</atprecis><attscale Sync="TRUE">0</attscale></attr><attr><attrlabl Sync="TRUE">SA12025_co</attrlabl><attalias Sync="TRUE">SA12025_co</attalias><attrtype Sync="TRUE">Integer</attrtype><attwidth Sync="TRUE">10</attwidth><atprecis Sync="TRUE">10</atprecis><attscale Sync="TRUE">0</attscale></attr><attr><attrlabl Sync="TRUE">SA12023_co</attrlabl><attalias Sync="TRUE">SA12023_co</attalias><attrtype Sync="TRUE">Integer</attrtype><attwidth Sync="TRUE">10</attwidth><atprecis Sync="TRUE">10</atprecis><attscale Sync="TRUE">0</attscale></attr><attr><attrlabl Sync="TRUE">SA12018_co</attrlabl><attalias Sync="TRUE">SA12018_co</attalias><attrtype Sync="TRUE">Integer</attrtype><attwidth Sync="TRUE">10</attwidth><atprecis Sync="TRUE">10</atprecis><attscale Sync="TRUE">0</attscale></attr><attr><attrlabl Sync="TRUE">SA22025_co</attrlabl><attalias Sync="TRUE">SA22025_co</attalias><attrtype Sync="TRUE">Integer</attrtype><attwidth Sync="TRUE">10</attwidth><atprecis Sync="TRUE">10</atprecis><attscale Sync="TRUE">0</attscale></attr><attr><attrlabl Sync="TRUE">SA22025_na</attrlabl><attalias Sync="TRUE">SA22025_na</attalias><attrtype Sync="TRUE">String</attrtype><attwidth Sync="TRUE">254</attwidth><atprecis Sync="TRUE">0</atprecis><attscale Sync="TRUE">0</attscale></attr><attr><attrlabl Sync="TRUE">SA22025__1</attrlabl><attalias Sync="TRUE">SA22025__1</attalias><attrtype Sync="TRUE">String</attrtype><attwidth Sync="TRUE">254</attwidth><atprecis Sync="TRUE">0</atprecis><attscale Sync="TRUE">0</attscale></attr><attr><attrlabl Sync="TRUE">SA22023_co</attrlabl><attalias Sync="TRUE">SA22023_co</attalias><attrtype Sync="TRUE">Integer</attrtype><attwidth Sync="TRUE">10</attwidth><atprecis Sync="TRUE">10</atprecis><attscale Sync="TRUE">0</attscale></attr><attr><attrlabl Sync="TRUE">SA22023_na</attrlabl><attalias Sync="TRUE">SA22023_na</attalias><attrtype Sync="TRUE">String</attrtype><attwidth Sync="TRUE">254</attwidth><atprecis Sync="TRUE">0</atprecis><attscale Sync="TRUE">0</attscale></attr><attr><attrlabl Sync="TRUE">SA22023__1</attrlabl><attalias Sync="TRUE">SA22023__1</attalias><attrtype Sync="TRUE">String</attrtype><attwidth Sync="TRUE">254</attwidth><atprecis Sync="TRUE">0</atprecis><attscale Sync="TRUE">0</attscale></attr><attr><attrlabl Sync="TRUE">SA22018_co</attrlabl><attalias Sync="TRUE">SA22018_co</attalias><attrtype Sync="TRUE">Integer</attrtype><attwidth Sync="TRUE">10</attwidth><atprecis Sync="TRUE">10</atprecis><attscale Sync="TRUE">0</attscale></attr><attr><attrlabl Sync="TRUE">SA22018_na</attrlabl><attalias Sync="TRUE">SA22018_na</attalias><attrtype Sync="TRUE">String</attrtype><attwidth Sync="TRUE">254</attwidth><atprecis Sync="TRUE">0</atprecis><attscale Sync="TRUE">0</attscale></attr><attr><attrlabl Sync="TRUE">SA32025_co</attrlabl><attalias Sync="TRUE">SA32025_co</attalias><attrtype Sync="TRUE">Integer</attrtype><attwidth Sync="TRUE">10</attwidth><atprecis Sync="TRUE">10</atprecis><attscale Sync="TRUE">0</attscale></attr><attr><attrlabl Sync="TRUE">SA32025_na</attrlabl><attalias Sync="TRUE">SA32025_na</attalias><attrtype Sync="TRUE">String</attrtype><attwidth Sync="TRUE">254</attwidth><atprecis Sync="TRUE">0</atprecis><attscale Sync="TRUE">0</attscale></attr><attr><attrlabl Sync="TRUE">SA32025__1</attrlabl><attalias Sync="TRUE">SA32025__1</attalias><attrtype Sync="TRUE">String</attrtype><attwidth Sync="TRUE">254</attwidth><atprecis Sync="TRUE">0</atprecis><attscale Sync="TRUE">0</attscale></attr><attr><attrlabl Sync="TRUE">SA32023_co</attrlabl><attalias Sync="TRUE">SA32023_co</attalias><attrtype Sync="TRUE">Integer</attrtype><attwidth Sync="TRUE">10</attwidth><atprecis Sync="TRUE">10</atprecis><attscale Sync="TRUE">0</attscale></attr><attr><attrlabl Sync="TRUE">SA32023_na</attrlabl><attalias Sync="TRUE">SA32023_na</attalias><attrtype Sync="TRUE">String</attrtype><attwidth Sync="TRUE">254</attwidth><atprecis Sync="TRUE">0</atprecis><attscale Sync="TRUE">0</attscale></attr><attr><attrlabl Sync="TRUE">SA32023__1</attrlabl><attalias Sync="TRUE">SA32023__1</attalias><attrtype Sync="TRUE">String</attrtype><attwidth Sync="TRUE">254</attwidth><atprecis Sync="TRUE">0</atprecis><attscale Sync="TRUE">0</attscale></attr><attr><attrlabl Sync="TRUE">UR2025_cod</attrlabl><attalias Sync="TRUE">UR2025_cod</attalias><attrtype Sync="TRUE">Integer</attrtype><attwidth Sync="TRUE">10</attwidth><atprecis Sync="TRUE">10</atprecis><attscale Sync="TRUE">0</attscale></attr><attr><attrlabl Sync="TRUE">UR2025_nam</attrlabl><attalias Sync="TRUE">UR2025_nam</attalias><attrtype Sync="TRUE">String</attrtype><attwidth Sync="TRUE">254</attwidth><atprecis Sync="TRUE">0</atprecis><attscale Sync="TRUE">0</attscale></attr><attr><attrlabl Sync="TRUE">UR2025_n_1</attrlabl><attalias Sync="TRUE">UR2025_n_1</attalias><attrtype Sync="TRUE">String</attrtype><attwidth Sync="TRUE">254</attwidth><atprecis Sync="TRUE">0</atprecis><attscale Sync="TRUE">0</attscale></attr><attr><attrlabl Sync="TRUE">IUR2025_co</attrlabl><attalias Sync="TRUE">IUR2025_co</attalias><attrtype Sync="TRUE">Integer</attrtype><attwidth Sync="TRUE">10</attwidth><atprecis Sync="TRUE">10</atprecis><attscale Sync="TRUE">0</attscale></attr><attr><attrlabl Sync="TRUE">IUR2025_na</attrlabl><attalias Sync="TRUE">IUR2025_na</attalias><attrtype Sync="TRUE">String</attrtype><attwidth Sync="TRUE">254</attwidth><atprecis Sync="TRUE">0</atprecis><attscale Sync="TRUE">0</attscale></attr><attr><attrlabl Sync="TRUE">UR2023_cod</attrlabl><attalias Sync="TRUE">UR2023_cod</attalias><attrtype Sync="TRUE">Integer</attrtype><attwidth Sync="TRUE">10</attwidth><atprecis Sync="TRUE">10</atprecis><attscale Sync="TRUE">0</attscale></attr><attr><attrlabl Sync="TRUE">UR2023_nam</attrlabl><attalias Sync="TRUE">UR2023_nam</attalias><attrtype Sync="TRUE">String</attrtype><attwidth Sync="TRUE">254</attwidth><atprecis Sync="TRUE">0</atprecis><attscale Sync="TRUE">0</attscale></attr><attr><attrlabl Sync="TRUE">UR2023_n_1</attrlabl><attalias Sync="TRUE">UR2023_n_1</attalias><attrtype Sync="TRUE">String</attrtype><attwidth Sync="TRUE">254</attwidth><atprecis Sync="TRUE">0</atprecis><attscale Sync="TRUE">0</attscale></attr><attr><attrlabl Sync="TRUE">IUR2023_co</attrlabl><attalias Sync="TRUE">IUR2023_co</attalias><attrtype Sync="TRUE">Integer</attrtype><attwidth Sync="TRUE">10</attwidth><atprecis Sync="TRUE">10</atprecis><attscale Sync="TRUE">0</attscale></attr><attr><attrlabl Sync="TRUE">IUR2023_na</attrlabl><attalias Sync="TRUE">IUR2023_na</attalias><attrtype Sync="TRUE">String</attrtype><attwidth Sync="TRUE">254</attwidth><atprecis Sync="TRUE">0</atprecis><attscale Sync="TRUE">0</attscale></attr><attr><attrlabl Sync="TRUE">UR2018_cod</attrlabl><attalias Sync="TRUE">UR2018_cod</attalias><attrtype Sync="TRUE">Integer</attrtype><attwidth Sync="TRUE">10</attwidth><atprecis Sync="TRUE">10</atprecis><attscale Sync="TRUE">0</attscale></attr><attr><attrlabl Sync="TRUE">UR2018_nam</attrlabl><attalias Sync="TRUE">UR2018_nam</attalias><attrtype Sync="TRUE">String</attrtype><attwidth Sync="TRUE">254</attwidth><atprecis Sync="TRUE">0</atprecis><attscale Sync="TRUE">0</attscale></attr><attr><attrlabl Sync="TRUE">IUR2018_co</attrlabl><attalias Sync="TRUE">IUR2018_co</attalias><attrtype Sync="TRUE">Integer</attrtype><attwidth Sync="TRUE">10</attwidth><atprecis Sync="TRUE">10</atprecis><attscale Sync="TRUE">0</attscale></attr><attr><attrlabl Sync="TRUE">IUR2018_na</attrlabl><attalias Sync="TRUE">IUR2018_na</attalias><attrtype Sync="TRUE">String</attrtype><attwidth Sync="TRUE">254</attwidth><atprecis Sync="TRUE">0</atprecis><attscale Sync="TRUE">0</attscale></attr><attr><attrlabl Sync="TRUE">IUA2023_co</attrlabl><attalias Sync="TRUE">IUA2023_co</attalias><attrtype Sync="TRUE">Integer</attrtype><attwidth Sync="TRUE">10</attwidth><atprecis Sync="TRUE">10</atprecis><attscale Sync="TRUE">0</attscale></attr><attr><attrlabl Sync="TRUE">IUA2023_na</attrlabl><attalias Sync="TRUE">IUA2023_na</attalias><attrtype Sync="TRUE">String</attrtype><attwidth Sync="TRUE">254</attwidth><atprecis Sync="TRUE">0</atprecis><attscale Sync="TRUE">0</attscale></attr><attr><attrlabl Sync="TRUE">TA2025_cod</attrlabl><attalias Sync="TRUE">TA2025_cod</attalias><attrtype Sync="TRUE">Integer</attrtype><attwidth Sync="TRUE">10</attwidth><atprecis Sync="TRUE">10</atprecis><attscale Sync="TRUE">0</attscale></attr><attr><attrlabl Sync="TRUE">TA2025_nam</attrlabl><attalias Sync="TRUE">TA2025_nam</attalias><attrtype Sync="TRUE">String</attrtype><attwidth Sync="TRUE">254</attwidth><atprecis Sync="TRUE">0</atprecis><attscale Sync="TRUE">0</attscale></attr><attr><attrlabl Sync="TRUE">TA2025_n_1</attrlabl><attalias Sync="TRUE">TA2025_n_1</attalias><attrtype Sync="TRUE">String</attrtype><attwidth Sync="TRUE">254</attwidth><atprecis Sync="TRUE">0</atprecis><attscale Sync="TRUE">0</attscale></attr><attr><attrlabl Sync="TRUE">WARD2025_c</attrlabl><attalias Sync="TRUE">WARD2025_c</attalias><attrtype Sync="TRUE">Integer</attrtype><attwidth Sync="TRUE">10</attwidth><atprecis Sync="TRUE">10</atprecis><attscale Sync="TRUE">0</attscale></attr><attr><attrlabl Sync="TRUE">WARD2025_n</attrlabl><attalias Sync="TRUE">WARD2025_n</attalias><attrtype Sync="TRUE">String</attrtype><attwidth Sync="TRUE">254</attwidth><atprecis Sync="TRUE">0</atprecis><attscale Sync="TRUE">0</attscale></attr><attr><attrlabl Sync="TRUE">WARD2025_1</attrlabl><attalias Sync="TRUE">WARD2025_1</attalias><attrtype Sync="TRUE">String</attrtype><attwidth Sync="TRUE">254</attwidth><atprecis Sync="TRUE">0</atprecis><attscale Sync="TRUE">0</attscale></attr><attr><attrlabl Sync="TRUE">MWARD2025_</attrlabl><attalias Sync="TRUE">MWARD2025_</attalias><attrtype Sync="TRUE">Integer</attrtype><attwidth Sync="TRUE">10</attwidth><atprecis Sync="TRUE">10</atprecis><attscale Sync="TRUE">0</attscale></attr><attr><attrlabl Sync="TRUE">MWARD20251</attrlabl><attalias Sync="TRUE">MWARD20251</attalias><attrtype Sync="TRUE">String</attrtype><attwidth Sync="TRUE">254</attwidth><atprecis Sync="TRUE">0</atprecis><attscale Sync="TRUE">0</attscale></attr><attr><attrlabl Sync="TRUE">MWARD202_1</attrlabl><attalias Sync="TRUE">MWARD202_1</attalias><attrtype Sync="TRUE">String</attrtype><attwidth Sync="TRUE">254</attwidth><atprecis Sync="TRUE">0</atprecis><attscale Sync="TRUE">0</attscale></attr><attr><attrlabl Sync="TRUE">CB2025_cod</attrlabl><attalias Sync="TRUE">CB2025_cod</attalias><attrtype Sync="TRUE">Integer</attrtype><attwidth Sync="TRUE">10</attwidth><atprecis Sync="TRUE">10</atprecis><attscale Sync="TRUE">0</attscale></attr><attr><attrlabl Sync="TRUE">CB2025_nam</attrlabl><attalias Sync="TRUE">CB2025_nam</attalias><attrtype Sync="TRUE">String</attrtype><attwidth Sync="TRUE">254</attwidth><atprecis Sync="TRUE">0</atprecis><attscale Sync="TRUE">0</attscale></attr><attr><attrlabl Sync="TRUE">CB2025_n_1</attrlabl><attalias Sync="TRUE">CB2025_n_1</attalias><attrtype Sync="TRUE">String</attrtype><attwidth Sync="TRUE">254</attwidth><atprecis Sync="TRUE">0</atprecis><attscale Sync="TRUE">0</attscale></attr><attr><attrlabl Sync="TRUE">TASUB2025_</attrlabl><attalias Sync="TRUE">TASUB2025_</attalias><attrtype Sync="TRUE">Integer</attrtype><attwidth Sync="TRUE">10</attwidth><atprecis Sync="TRUE">10</atprecis><attscale Sync="TRUE">0</attscale></attr><attr><attrlabl Sync="TRUE">TASUB20251</attrlabl><attalias Sync="TRUE">TASUB20251</attalias><attrtype Sync="TRUE">String</attrtype><attwidth Sync="TRUE">254</attwidth><atprecis Sync="TRUE">0</atprecis><attscale Sync="TRUE">0</attscale></attr><attr><attrlabl Sync="TRUE">TASUB202_1</attrlabl><attalias Sync="TRUE">TASUB202_1</attalias><attrtype Sync="TRUE">String</attrtype><attwidth Sync="TRUE">254</attwidth><atprecis Sync="TRUE">0</atprecis><attscale Sync="TRUE">0</attscale></attr><attr><attrlabl Sync="TRUE">REGC2025_c</attrlabl><attalias Sync="TRUE">REGC2025_c</attalias><attrtype Sync="TRUE">Integer</attrtype><attwidth Sync="TRUE">10</attwidth><atprecis Sync="TRUE">10</atprecis><attscale Sync="TRUE">0</attscale></attr><attr><attrlabl Sync="TRUE">REGC2025_n</attrlabl><attalias Sync="TRUE">REGC2025_n</attalias><attrtype Sync="TRUE">String</attrtype><attwidth Sync="TRUE">254</attwidth><atprecis Sync="TRUE">0</atprecis><attscale Sync="TRUE">0</attscale></attr><attr><attrlabl Sync="TRUE">REGC2025_1</attrlabl><attalias Sync="TRUE">REGC2025_1</attalias><attrtype Sync="TRUE">String</attrtype><attwidth Sync="TRUE">254</attwidth><atprecis Sync="TRUE">0</atprecis><attscale Sync="TRUE">0</attscale></attr><attr><attrlabl Sync="TRUE">CON2023_co</attrlabl><attalias Sync="TRUE">CON2023_co</attalias><attrtype Sync="TRUE">Integer</attrtype><attwidth Sync="TRUE">10</attwidth><atprecis Sync="TRUE">10</atprecis><attscale Sync="TRUE">0</attscale></attr><attr><attrlabl Sync="TRUE">CON2023_na</attrlabl><attalias Sync="TRUE">CON2023_na</attalias><attrtype Sync="TRUE">String</attrtype><attwidth Sync="TRUE">254</attwidth><atprecis Sync="TRUE">0</atprecis><attscale Sync="TRUE">0</attscale></attr><attr><attrlabl Sync="TRUE">CON2023__1</attrlabl><attalias Sync="TRUE">CON2023__1</attalias><attrtype Sync="TRUE">String</attrtype><attwidth Sync="TRUE">254</attwidth><atprecis Sync="TRUE">0</atprecis><attscale Sync="TRUE">0</attscale></attr><attr><attrlabl Sync="TRUE">MCON2023_c</attrlabl><attalias Sync="TRUE">MCON2023_c</attalias><attrtype Sync="TRUE">Integer</attrtype><attwidth Sync="TRUE">10</attwidth><atprecis Sync="TRUE">10</atprecis><attscale Sync="TRUE">0</attscale></attr><attr><attrlabl Sync="TRUE">MCON2023_n</attrlabl><attalias Sync="TRUE">MCON2023_n</attalias><attrtype Sync="TRUE">String</attrtype><attwidth Sync="TRUE">254</attwidth><atprecis Sync="TRUE">0</atprecis><attscale Sync="TRUE">0</attscale></attr><attr><attrlabl Sync="TRUE">MCON2023_1</attrlabl><attalias Sync="TRUE">MCON2023_1</attalias><attrtype Sync="TRUE">String</attrtype><attwidth Sync="TRUE">254</attwidth><atprecis Sync="TRUE">0</atprecis><attscale Sync="TRUE">0</attscale></attr><attr><attrlabl Sync="TRUE">TALB2025_c</attrlabl><attalias Sync="TRUE">TALB2025_c</attalias><attrtype Sync="TRUE">Integer</attrtype><attwidth Sync="TRUE">10</attwidth><atprecis Sync="TRUE">10</atprecis><attscale Sync="TRUE">0</attscale></attr><attr><attrlabl Sync="TRUE">TALB2025_n</attrlabl><attalias Sync="TRUE">TALB2025_n</attalias><attrtype Sync="TRUE">String</attrtype><attwidth Sync="TRUE">254</attwidth><atprecis Sync="TRUE">0</atprecis><attscale Sync="TRUE">0</attscale></attr><attr><attrlabl Sync="TRUE">TALB2025_1</attrlabl><attalias Sync="TRUE">TALB2025_1</attalias><attrtype Sync="TRUE">String</attrtype><attwidth Sync="TRUE">254</attwidth><atprecis Sync="TRUE">0</atprecis><attscale Sync="TRUE">0</attscale></attr><attr><attrlabl Sync="TRUE">GED2020_co</attrlabl><attalias Sync="TRUE">GED2020_co</attalias><attrtype Sync="TRUE">Integer</attrtype><attwidth Sync="TRUE">10</attwidth><atprecis Sync="TRUE">10</atprecis><attscale Sync="TRUE">0</attscale></attr><attr><attrlabl Sync="TRUE">GED2020_na</attrlabl><attalias Sync="TRUE">GED2020_na</attalias><attrtype Sync="TRUE">String</attrtype><attwidth Sync="TRUE">254</attwidth><atprecis Sync="TRUE">0</atprecis><attscale Sync="TRUE">0</attscale></attr><attr><attrlabl Sync="TRUE">GED2020__1</attrlabl><attalias Sync="TRUE">GED2020__1</attalias><attrtype Sync="TRUE">String</attrtype><attwidth Sync="TRUE">254</attwidth><atprecis Sync="TRUE">0</atprecis><attscale Sync="TRUE">0</attscale></attr><attr><attrlabl Sync="TRUE">MED2020_co</attrlabl><attalias Sync="TRUE">MED2020_co</attalias><attrtype Sync="TRUE">Integer</attrtype><attwidth Sync="TRUE">10</attwidth><atprecis Sync="TRUE">10</atprecis><attscale Sync="TRUE">0</attscale></attr><attr><attrlabl Sync="TRUE">MED2020_na</attrlabl><attalias Sync="TRUE">MED2020_na</attalias><attrtype Sync="TRUE">String</attrtype><attwidth Sync="TRUE">254</attwidth><atprecis Sync="TRUE">0</atprecis><attscale Sync="TRUE">0</attscale></attr><attr><attrlabl Sync="TRUE">MED2020__1</attrlabl><attalias Sync="TRUE">MED2020__1</attalias><attrtype Sync="TRUE">String</attrtype><attwidth Sync="TRUE">254</attwidth><atprecis Sync="TRUE">0</atprecis><attscale Sync="TRUE">0</attscale></attr><attr><attrlabl Sync="TRUE">DHB2015_co</attrlabl><attalias Sync="TRUE">DHB2015_co</attalias><attrtype Sync="TRUE">Integer</attrtype><attwidth Sync="TRUE">10</attwidth><atprecis Sync="TRUE">10</atprecis><attscale Sync="TRUE">0</attscale></attr><attr><attrlabl Sync="TRUE">DHB2015_na</attrlabl><attalias Sync="TRUE">DHB2015_na</attalias><attrtype Sync="TRUE">String</attrtype><attwidth Sync="TRUE">254</attwidth><atprecis Sync="TRUE">0</atprecis><attscale Sync="TRUE">0</attscale></attr><attr><attrlabl Sync="TRUE">DHBCON2015</attrlabl><attalias Sync="TRUE">DHBCON2015</attalias><attrtype Sync="TRUE">Integer</attrtype><attwidth Sync="TRUE">10</attwidth><atprecis Sync="TRUE">10</atprecis><attscale Sync="TRUE">0</attscale></attr><attr><attrlabl Sync="TRUE">DHBCON20_1</attrlabl><attalias Sync="TRUE">DHBCON20_1</attalias><attrtype Sync="TRUE">String</attrtype><attwidth Sync="TRUE">254</attwidth><atprecis Sync="TRUE">0</atprecis><attscale Sync="TRUE">0</attscale></attr><attr><attrlabl Sync="TRUE">HDOM2013_c</attrlabl><attalias Sync="TRUE">HDOM2013_c</attalias><attrtype Sync="TRUE">Integer</attrtype><attwidth Sync="TRUE">10</attwidth><atprecis Sync="TRUE">10</atprecis><attscale Sync="TRUE">0</attscale></attr><attr><attrlabl Sync="TRUE">TA2010_cod</attrlabl><attalias Sync="TRUE">TA2010_cod</attalias><attrtype Sync="TRUE">Integer</attrtype><attwidth Sync="TRUE">10</attwidth><atprecis Sync="TRUE">10</atprecis><attscale Sync="TRUE">0</attscale></attr><attr><attrlabl Sync="TRUE">TA2010_nam</attrlabl><attalias Sync="TRUE">TA2010_nam</attalias><attrtype Sync="TRUE">String</attrtype><attwidth Sync="TRUE">254</attwidth><atprecis Sync="TRUE">0</atprecis><attscale Sync="TRUE">0</attscale></attr><attr><attrlabl Sync="TRUE">AU2017_cod</attrlabl><attalias Sync="TRUE">AU2017_cod</attalias><attrtype Sync="TRUE">Integer</attrtype><attwidth Sync="TRUE">10</attwidth><atprecis Sync="TRUE">10</atprecis><attscale Sync="TRUE">0</attscale></attr><attr><attrlabl Sync="TRUE">AU2017_nam</attrlabl><attalias Sync="TRUE">AU2017_nam</attalias><attrtype Sync="TRUE">String</attrtype><attwidth Sync="TRUE">254</attwidth><atprecis Sync="TRUE">0</atprecis><attscale Sync="TRUE">0</attscale></attr><attr><attrlabl Sync="TRUE">AU2013_cod</attrlabl><attalias Sync="TRUE">AU2013_cod</attalias><attrtype Sync="TRUE">Integer</attrtype><attwidth Sync="TRUE">10</attwidth><atprecis Sync="TRUE">10</atprecis><attscale Sync="TRUE">0</attscale></attr><attr><attrlabl Sync="TRUE">AU2013_nam</attrlabl><attalias Sync="TRUE">AU2013_nam</attalias><attrtype Sync="TRUE">String</attrtype><attwidth Sync="TRUE">254</attwidth><atprecis Sync="TRUE">0</atprecis><attscale Sync="TRUE">0</attscale></attr><attr><attrlabl Sync="TRUE">UA2017_cod</attrlabl><attalias Sync="TRUE">UA2017_cod</attalias><attrtype Sync="TRUE">Integer</attrtype><attwidth Sync="TRUE">10</attwidth><atprecis Sync="TRUE">10</atprecis><attscale Sync="TRUE">0</attscale></attr><attr><attrlabl Sync="TRUE">UA2017_nam</attrlabl><attalias Sync="TRUE">UA2017_nam</attalias><attrtype Sync="TRUE">String</attrtype><attwidth Sync="TRUE">254</attwidth><atprecis Sync="TRUE">0</atprecis><attscale Sync="TRUE">0</attscale></attr><attr><attrlabl Sync="TRUE">MBKey</attrlabl><attalias Sync="TRUE">MBKey</attalias><attrtype Sync="TRUE">String</attrtype><attwidth Sync="TRUE">254</attwidth><atprecis Sync="TRUE">0</atprecis><attscale Sync="TRUE">0</attscale></attr></detailed></eainfo><mdDateSt Sync="TRUE">20250627</mdDateSt></metadata>
